Izglītības iestāde,Liepupes vidusskola,"Ezera iela 2, Liepupe, Liepupes pag., Salacgrīvas nov., LV-4023"
Izglītības iestāde,Pļaviņu novada ģimnāzija,"Daugavas iela 101, Pļaviņas, Pļaviņu nov., LV-5120"
Izglītības iestāde,Kokneses internātpamatskola - attīstības centrs,"Kokneses speciālā internātskola, Bormaņi, Kokneses pag., Kokneses nov., LV-5113"
Izglītības iestāde,Bebru pamatskola,"Bebru pamatskola, Vecbebri, Bebru pag., Kokneses nov., LV-5135"
Izglītības iestāde,"Privātā sākumskola ""Domdaris""","Dzirnavu iela 29, Rīga, LV-1010"
Izglītības iestāde,Rīgas 63. vidusskola,"Baltezera iela 6, Rīga, LV-1024"
Izglītības iestāde,Rīgas Raiņa 8. vakara (maiņu) vidusskola,"Krišjāņa Barona iela 71, Rīga, LV-1001"
Izglītības iestāde,Rīgas Teikas vidusskola,"Aizkraukles iela 14, Rīga, LV-1006"
Izglītības iestāde,Rīgas Kultūru vidusskola,"Ganību dambis 7, Rīga, LV-1045"
Izglītības iestāde,Rīgas Stila un Modes tehnikums,"Ūdeļu iela 22, Rīga, LV-1064"
Izglītības iestāde,Ziemeļvalstu ģimnāzija,"Paula Lejiņa iela 12, Rīga, LV-1029"
Izglītības iestāde,Daugavpils Valsts ģimnāzija,"Cietokšņa iela 33, Daugavpils, LV-5401"
Izglītības iestāde,Naujenes pamatskola,"Stacijas iela 8, Naujene, Naujenes pag., Daugavpils nov., LV-5462"
Izglītības iestāde,Krāslavas Varavīksnes vidusskola,"N. Rancāna iela 4, Krāslava, Krāslavas nov., LV-5601"
Izglītības iestāde,J. Raiņa Daugavpils 6. vidusskola,"Komunālā iela 2, Daugavpils, LV-5418"
Izglītības iestāde,Daugavpils Stropu pamatskola - attīstības centrs,"Abavas iela 1, Daugavpils, LV-5417"
Izglītības iestāde,Ilūkstes 1. vidusskola,"Raiņa iela 49A, Ilūkste, Ilūkstes nov., LV-5447"
Izglītības iestāde,Dagdas vidusskola,"Mičurina iela 3A, Dagda, Dagdas nov., LV-5674"
Izglītības iestāde,Daugavpils 3. vidusskola,"Raiņa iela 30, Daugavpils, LV-5401"
Izglītības iestāde,Daugavpils Vienības pamatskola,"Ģimnāzijas iela 32, Daugavpils, LV-5401"
Izglītības iestāde,Rēzeknes tehnikums,"Varoņu iela 11A, Rēzekne, LV-4604"
Izglītības iestāde,Daugavpils 4. speciālā pirmsskolas izglītības iestāde,"Mihoelsa iela 4, Daugavpils, LV-5401"
Izglītības iestāde,Daugavpils Būvniecības tehnikums,"Jātnieku iela 87, Daugavpils, LV-5410"
Izglītības iestāde,Robežnieku pamatskola,"Pils iela 2, Krāslava, Krāslavas nov., LV-5601"
Izglītības iestāde,Rīgas 6. vidusskola,"Aleksandra Čaka iela 102, Rīga, LV-1011"
Izglītības iestāde,Rīgas 84. vidusskola,"Lielvārdes iela 141, Rīga, LV-1082"
Izglītības iestāde,Ogres sākumskola,"Meža prospekts 14, Ogre, Ogres nov., LV-5001"
Izglītības iestāde,Rīgas 1. speciālā internātpamatskola,"Ģertrūdes iela 18, Rīga, LV-1011"
Izglītības iestāde,Jelgavas 4. vidusskola,"Akmeņu iela 1, Jelgava, LV-3004"
Izglītības iestāde,Lielupes pamatskola,"Aizputes iela 1A, Jūrmala, LV-2010"
Izglītības iestāde,Kārsavas vidusskola,"Vienības iela 101, Kārsava, Kārsavas nov., LV-5717"
Izglītības iestāde,Rīgas Angļu ģimnāzija,"Zvārdes iela 1, Rīga, LV-1004"
Izglītības iestāde,Rīgas 3. speciālā pamatskola,"Telts iela 2A, Rīga, LV-1004"
Izglītības iestāde,Salaspils 1. vidusskola,"Lauku iela 1, Salaspils, Salaspils nov., LV-2121"
Izglītības iestāde,Rīgas Mākslas un mediju tehnikums,"Jūrmalas gatve 96, Rīga, LV-1029"
Izglītības iestāde,Jēkabpils 3. vidusskola,"Slimnīcas iela 5, Jēkabpils, LV-5202"
Izglītības iestāde,Jūrmalas Valsts ģimnāzija / Mežmalas vidusskola,"Raiņa iela 55, Jūrmala, LV-2011"
Izglītības iestāde,Zantes pamatskola,"Skolas iela 14, Zante, Zantes pag., Kandavas nov., LV-3134"
Izglītības iestāde,Rīgas 10. vidusskola,"Lenču iela 1, Rīga, LV-1010"
Izglītības iestāde,Rīgas Tehniskā koledža,"Braslas iela 16, Rīga, LV-1084"
Izglītības iestāde,Mārupes vidusskola,"Kantora iela 97, Mārupe, Mārupes nov., LV-2167"
Izglītības iestāde,Rīgas Igauņu pamatskola,"Atgāzenes iela 26, Rīga, LV-1004"
Izglītības iestāde,Aizputes vidusskola,"Ziedu iela 7, Aizpute, Aizputes nov., LV-3456"
Izglītības iestāde,Rīgas Purvciema vidusskola,"Detlava Brantkalna iela 5, Rīga, LV-1082"
Izglītības iestāde,Īslīces vidusskola,"Skolas iela 1, Bērzi, Īslīces pag., Bauskas nov., LV-3914"
Izglītības iestāde,Engures vidusskola,"Skolas iela 7, Engure, Engures pag., Engures nov., LV-3113"
Izglītības iestāde,"Privātā vidusskola ""Patnis""","Gregora iela 13A, Rīga, LV-1046"
Izglītības iestāde,Ludzas pilsētas ģimnāzija,"Blaumaņa iela 4, Ludza, Ludzas nov., LV-5701"
Izglītības iestāde,Jūrmalas vakara vidusskola,"Lielupes iela 21, Jūrmala, LV-2015"
Izglītības iestāde,Iecavas internātpamatskola,"Skolas iela 19, Iecava, Iecavas nov., LV-3913"
Izglītības iestāde,Majoru vidusskola,"Rīgas iela 3, Jūrmala, LV-2015"
Izglītības iestāde,Rīgas Sanatorijas internātpamatskola,"Brīvības gatve 384A, Rīga, LV-1006"
Izglītības iestāde,Rīgas 49. vidusskola,"Krišjāņa Valdemāra iela 65, Rīga, LV-1010"
Izglītības iestāde,Carnikavas pamatskola,"Nākotnes iela 1, Carnikava, Carnikavas nov., LV-2163"
Izglītības iestāde,Rīgas 46. vidusskola,"Skuju iela 28, Rīga, LV-1015"
Izglītības iestāde,Zaķumuižas pamatskola,"Skolas iela 3, Zaķumuiža, Ropažu nov., LV-2133"
Izglītības iestāde,Š. Dubnova Rīgas Ebreju vidusskola,"Miera iela 62, Rīga, LV-1013"
Izglītības iestāde,Mērsraga vidusskola,"Skolas iela 8, Mērsrags, Mērsraga nov., LV-3284"
Izglītības iestāde,Jāņa Eglīša Preiļu Valsts ģimnāzija,"Kooperatīvā iela 6, Preiļi, Preiļu nov., LV-5301"
Izglītības iestāde,Priekuļu tehnikums,"Egļu gatve 9, Priekuļi, Priekuļu pag., Priekuļu nov., LV-4126"
Izglītības iestāde,Vaivaru pamatskola,"Skautu iela 2, Jūrmala, LV-2008"
Izglītības iestāde,Daugavpils Centra vidusskola,"Kandavas iela 17, Daugavpils, LV-5401"
Izglītības iestāde,Lāču pamatskola,"Muzeja iela 2, Lociki, Naujenes pag., Daugavpils nov., LV-5458"
Izglītības iestāde,Daugavpils 11. pamatskola,"Arhitektu iela 10, Daugavpils, LV-5410"
Izglītības iestāde,Daugavpils pilsētas 24. pirmsskolas izglītības iestāde,"Muzeja iela 9, Daugavpils, LV-5401"
Izglītības iestāde,Daugavpils 13. vidusskola,"Valkas iela 4A, Daugavpils, LV-5417"
Izglītības iestāde,Rīgas 45. vidusskola,"Ropažu iela 34, Rīga, LV-1039"
Izglītības iestāde,Rīgas Valsts vācu ģimnāzija,"Āgenskalna iela 21, Rīga, LV-1048"
Izglītības iestāde,Ilūkstes Raiņa vidusskola,"Raiņa iela 49, Ilūkste, Ilūkstes nov., LV-5447"
Izglītības iestāde,Rīgas Valsts tehnikums,"Krišjāņa Valdemāra iela 1C, Rīga, LV-1010"
Izglītības iestāde,Kauguru vidusskola,"Raiņa iela 118, Jūrmala, LV-2016"
Izglītības iestāde,Daugavpils 9. vidusskola,"18. novembra iela 47, Daugavpils, LV-5401"
Izglītības iestāde,Rīgas Mūzikas internātvidusskola,"Kalnciema iela 160, Rīga, LV-1046"
Izglītības iestāde,Zvejniekciema vidusskola,"Atpūtas iela 1, Zvejniekciems, Saulkrastu pag., Saulkrastu nov., LV-2161"
Izglītības iestāde,Rīgas 9. vakara (maiņu) vidusskola,"Stāmerienas iela 8, Rīga, LV-1006"
Izglītības iestāde,Rīgas Centra daiļamatniecības pamatskola,"Aspazijas bulvāris 34, Rīga, LV-1050"
Izglītības iestāde,Kandavas Lauksaimniecības tehnikums,"Valteru iela 6, Kandava, Kandavas nov., LV-3120"
Izglītības iestāde,Rīgas 14. vakara (maiņu) vidusskola,"Margrietas iela 4, Rīga, LV-1046"
Izglītības iestāde,Rīgas 33. vidusskola,"Stūrmaņu iela 23, Rīga, LV-1016"
Izglītības iestāde,"Limbažu pilsētas 3. pirmsskolas izglītības iestāde  ""Spārīte""","Dārza iela 24, Limbaži, Limbažu nov., LV-4001"
Izglītības iestāde,Limbažu sākumskola,"Rīgas iela 28, Limbaži, Limbažu nov., LV-4001"
Izglītības iestāde,Umurgas pamatskola,"Skolas iela 8A, Umurga, Umurgas pag., Limbažu nov., LV-4004"
Izglītības iestāde,Limbažu un Salacgrīvas novadu sporta skola,"Parka iela 36, Limbaži, Limbažu nov., LV-4001"
Izglītības iestāde,Ozolaines pirmsskolas izglītības iestāde,"Zariņš, Bekši, Ozolaines pag., Rēzeknes nov., LV-4633"
Izglītības iestāde,Limbažu novada ģimnāzija,"Rīgas iela 28, Limbaži, Limbažu nov., LV-4001"
Izglītības iestāde,Limbažu 3. vidusskola,"Parka iela 38, Limbaži, Limbažu nov., LV-4001"
Izglītības iestāde,Limbažu Bērnu un jauniešu centrs,"Rīgas iela 19, Limbaži, Limbažu nov., LV-4001"
Izglītības iestāde,Jelgavas Amatu vidusskola,"Akadēmijas iela 25, Jelgava, LV-3001"
Izglītības iestāde,Ķeipenes pamatskola,"Ziedu iela 3, Ķeipene, Ķeipenes pag., Ogres nov., LV-5062"
Izglītības iestāde,Annas Brigaderes pamatskola,"Annas Brigaderes skola, Kroņauce, Tērvetes pag., Tērvetes nov., LV-3730"
Izglītības iestāde,Kalnciema vidusskola,"Kalnciema vidusskola, Valgundes pag., Jelgavas nov., LV-3017"
Izglītības iestāde,Rīgas 80. vidusskola,"Andromedas gatve 11, Rīga, LV-1084"
Izglītības iestāde,Rīgas Hanzas vidusskola,"Grostonas iela 5, Rīga, LV-1013"
Izglītības iestāde,Rīgas 95. vidusskola,"Bruknas iela 5, Rīga, LV-1058"
Izglītības iestāde,Rīgas 40.vidusskola,"Tērbatas iela 15/17, Rīga, LV-1011"
Izglītības iestāde,Privātā vidusskola INNOVA,"Krišjāņa Barona iela 130, Rīga, LV-1012"
Izglītības iestāde,Ogresgala pamatskola,"Nākotnes iela 4, Ogresgals, Ogresgala pag., Ogres nov., LV-5041"
Izglītības iestāde,Rīgas Natālijas Draudziņas vidusskola,"Bruņinieku iela 24A, Rīga, LV-1001"
Izglītības iestāde,Rīgas 41. vidusskola,"Slokas iela 49A, Rīga, LV-1007"
Izglītības iestāde,Bērzpils vidusskola,"Dārza iela 12, Bērzpils, Bērzpils pag., Balvu nov., LV-4576"
Izglītības iestāde,Rīgas 21. vidusskola,"Tomsona iela 35, Rīga, LV-1013"
Izglītības iestāde,Āgenskalna sākumskola,"Kandavas iela 4 k-1, Rīga, LV-1083"
Izglītības iestāde,"Mācību centrs ""Lenoks""","Ģimnāzijas iela 5, Daugavpils, LV-5401"
Izglītības iestāde,"Profesionālās izglītības kompetences centrs  ""Daugavpils tehnikums""","Strādnieku iela 16, Daugavpils, LV-5404"
Izglītības iestāde,Ilūkstes novada Bērnu un jauniešu centrs,"Raiņa iela 33A, Ilūkste, Ilūkstes nov., LV-5447"
Izglītības iestāde,Mācību centrs LatInSoft,"Ģimnāzijas iela 7/9, Daugavpils, LV-5401"
Izglītības iestāde,Preiļu 2. vidusskola,"Andreja Paulāna iela 2, Preiļi, Preiļu nov., LV-5301"
Izglītības iestāde,Rudzātu vidusskola,"Miera iela 13, Rudzāti, Rudzātu pag., Līvānu nov., LV-5328"
Izglītības iestāde,Priežmalas pamatskola,"Skolas iela 6, Priežmale, Kastuļinas pag., Aglonas nov., LV-5685"
Izglītības iestāde,Jēkabpils Tālākizglītības un informācijas tehnoloģiju centrs,"Jaunā iela 44, Jēkabpils, LV-5201"
Izglītības iestāde,Jēkabpils Agrobiznesa koledža,"Pasta iela 1, Jēkabpils, LV-5201"
Izglītības iestāde,Variešu sākumskola,"Variešu sākumskola, Varieši, Variešu pag., Krustpils nov., LV-5236"
Izglītības iestāde,Brāļu Skrindu Atašienes vidusskola,"Marinzeja, Atašienes pag., Krustpils nov., LV-5211"
Izglītības iestāde,Lādezera pamatskola,"Skolas iela 1, Lādezers, Limbažu pag., Limbažu nov., LV-4011"
Izglītības iestāde,Murjāņu Sporta Ģimnāzija,"Klintslejas 4, Murjāņi, Sējas nov., LV-2142"
Izglītības iestāde,Stelpes pamatskola,"Stelpes pamatskola, Stelpes pag., Vecumnieku nov., LV-3925"
Izglītības iestāde,Rīgas Tirdzniecības profesionālā vidusskola,"Tomsona iela 3/5, Rīga, LV-1013"
Izglītības iestāde,Salas sākumslola,"Pīlādzīši, Spuņciems, Salas pag., Babītes nov., LV-2105"
Izglītības iestāde,Rīgas Ķengaraga vidusskola,"Maskavas iela 273, Rīga, LV-1063"
Izglītības iestāde,Nautrēnu vidusskola,"Vidusskola, Rogovka, Nautrēnu pag., Rēzeknes nov., LV-4652"
Izglītības iestāde,"Rīgas vispārizglītojošā privātā vidusskola ""Evrika""","Apuzes iela 74, Rīga, LV-1029"
Izglītības iestāde,Vestienas pamatskola,"Vestienas muiža, Vestiena, Vestienas pag., Madonas nov., LV-4855"
Izglītības iestāde,Madlienas vidusskola,"Skola, Madliena, Madlienas pag., Ogres nov., LV-5045"
Izglītības iestāde,"Limbažu pilsētas 1. pirmsskolas izglītības iestāde  ""Buratīno""","Parka iela 5, Limbaži, Limbažu nov., LV-4001"
Izglītības iestāde,Pāles pamatskola,"Skolotāju iela 4, Pāle, Pāles pag., Limbažu nov., LV-4052"
Izglītības iestāde,Daudzeses pamatskola,"Skola, Daudzese, Daudzeses pag., Jaunjelgavas nov., LV-5111"
Izglītības iestāde,Vīpes pamatskola,"Vīpes skola, Vīpes pag., Krustpils nov., LV-5238"
Izglītības iestāde,A. Eglīša Ļaudonas vidusskola,"Dzirnavu iela 2, Ļaudona, Ļaudonas pag., Madonas nov., LV-4862"
Izglītības iestāde,Alojas Ausekļa vidusskola,"Ausekļa iela 1, Aloja, Alojas nov., LV-4064"
Izglītības iestāde,Bērzaunes pamatskola,"Ozolu iela 2, Bērzaune, Bērzaunes pag., Madonas nov., LV-4853"
Izglītības iestāde,Burtnieku novada Rencēnu pamatskola,"Parka iela 1, Rencēni, Rencēnu pag., Burtnieku nov., LV-4232"
Izglītības iestāde,Cēsu novada pašvaldības Līvu sākumskola,"Krīvi, Krīvi, Vaives pag., Cēsu nov., LV-4136"
Izglītības iestāde,Cēsu pilsētas vidusskola,"Leona Paegles iela 1, Cēsis, Cēsu nov., LV-4101"
Izglītības iestāde,Cesvaines vidusskola,"Madonas iela 1, Cesvaine, Cesvaines nov., LV-4871"
Izglītības iestāde,Degumnieku pamatskola,"Skolas iela 13, Degumnieki, Ošupes pag., Madonas nov., LV-4833"
Izglītības iestāde,Draudzīgā Aicinājuma Cēsu Valsts ģimnāzija,"Pūces iela 2, Cēsis, Cēsu nov., LV-4101"
Izglītības iestāde,Gulbenes 2. vidusskola,"Līkā iela 21, Gulbene, Gulbenes nov., LV-4401"
Izglītības iestāde,Gulbenes novada valsts ģimnāzija,"Skolas iela 10, Gulbene, Gulbenes nov., LV-4401"
Izglītības iestāde,Gulbenes sākumskola,"Skolas iela 12, Gulbene, Gulbenes nov., LV-4401"
Izglītības iestāde,Kristiāna Dāvida pamatskola,"Kalna Skola, Barkavas pag., Madonas nov., LV-4834"
Izglītības iestāde,Kuldīgas Tehnoloģiju un tūrisma tehnikums,"Liepājas iela 31, Kuldīga, Kuldīgas nov., LV-3301"
Izglītības iestāde,Liezēres pamatskola,"Jaunatnes iela 6, Ozoli, Liezēres pag., Madonas nov., LV-4884"
Izglītības iestāde,Madonas pilsētas vidusskola,"Valdemāra bulvāris 6, Madona, Madonas nov., LV-4801"
Izglītības iestāde,Madonas Valsts ģimnāzija,"Valdemāra bulvāris 2A, Madona, Madonas nov., LV-4801"
Izglītības iestāde,Matīšu pamatskola,"Skolas iela 22, Matīši, Matīšu pag., Burtnieku nov., LV-4210"
Izglītības iestāde,Murmastienes pamatskola,"Rēzeknes iela 1, Murmastiene, Murmastienes pag., Varakļānu nov., LV-4835"
Izglītības iestāde,Ozolmuižas pamatskola,"Ozolmuižas pils, Ozolmuiža, Brīvzemnieku pag., Alojas nov., LV-4063"
Izglītības iestāde,"Priekuļu pirmsskolas izglītības iestāde ""Mežmaliņa""","Elites iela 1, Priekuļi, Priekuļu pag., Priekuļu nov., LV-4126"
Izglītības iestāde,Rīgas 1. vidusskola,"Akadēmijas laukums 1, Rīga, LV-1050"
Izglītības iestāde,Rīgas Tūrisma un radošās industrijas tehnikums,"Nīcgales iela 26, Rīga, LV-1035"
Izglītības iestāde,Rugāju novada vidusskola,"Kurmenes iela 87, Rugāji, Rugāju pag., Rugāju nov., LV-4570"
Izglītības iestāde,Rūjienas vidusskola,"Rīgas iela 30, Rūjiena, Rūjienas nov., LV-4240"
Izglītības iestāde,Stāķu pamatskola,"Stāķi 7, Stāķi, Stradu pag., Gulbenes nov., LV-4417"
Izglītības iestāde,Valmieras Gaujas krasta vidusskola - attīstības centrs,"Leona Paegles iela 5/7, Valmiera, LV-4201"
Izglītības iestāde,Valmieras Pārgaujas ģimnāzija,"Zvaigžņu iela 4, Valmiera, LV-4201"
Izglītības iestāde,Valmieras Valsts ģimnāzija,"Leona Paegles iela 40, Valmiera, LV-4201"
Izglītības iestāde,Valmieras Viestura vidusskola,"Viestura aleja 3, Valmiera, LV-4201"
Izglītības iestāde,Variņu pamatskola,"Oktobra iela 3, Variņi, Variņu pag., Smiltenes nov., LV-4726"
Izglītības iestāde,Dricānu vidusskola,"Dricānu vidusskola, Dricāni, Dricānu pag., Rēzeknes nov., LV-4615"
Izglītības iestāde,Lizuma vidusskola,"Pils, Lizums, Lizuma pag., Gulbenes nov., LV-4425"
Izglītības iestāde,Mazsalacas vidusskola,"Parka 30, Mazsalacas pag., Mazsalacas nov., LV-4215"
Izglītības iestāde,Rāmuļu pamatskola,"Rāmuļu Skola, Rāmuļi, Vaives pag., Cēsu nov., LV-4136"
Izglītības iestāde,Rankas pamatskola,"Rankas pamatskola, Rankas pag., Gulbenes nov., LV-4416"
Izglītības iestāde,Stalbes vidusskola,"Stalbes vidusskola, Stalbe, Stalbes pag., Pārgaujas nov., LV-4151"
Izglītības iestāde,Tirzas pamatskola,"Tirzas pamatskola, Tirza, Tirzas pag., Gulbenes nov., LV-4424"
Valsts iestāde,Pilsonības un migrācijas lietu pārvalde Ogres nodaļa,"Brīvības iela 44, Ogre, Ogres nov., LV-5001"
Valsts iestāde,Pilsonības un migrācijas lietu pārvaldes Jelgavas nodaļa,"Uzvaras iela 8, Jelgava, LV-3001"
Valsts iestāde,Pilsonības un migrācijas lietu pārvaldes Rīgas 1. nodaļa,"Čiekurkalna 1. līnija 1, Rīga, LV-1026"
Valsts iestāde,Pilsonības un migrācijas lietu pārvaldes Rīgas 2. nodaļa,"Krišjāņa Valdemāra iela 26, Rīga, LV-1010"
Valsts iestāde,Pilsonības un migrācijas lietu pārvaldes Rīgas 3. nodaļa,"Eduarda Smiļģa iela 46, Rīga, LV-1002"
Valsts iestāde,Pilsonības un migrācijas lietu pārvaldes Rīgas 4. nodaļa,"Daugavpils iela 31, Rīga, LV-1003"
Valsts iestāde,Pilsonības un migrācijas lietu pārvaldes Tukuma nodaļa,"Raudas iela 4, Tukums, Tukuma nov., LV-3101"
Valsts iestāde,Pilsonības un migrācijas lietu pārvaldes Jūrmalas nodaļa,"Talsu šoseja 39, Jūrmala, LV-2016"
Valsts iestāde,Pilsonības un migrācijas lietu pārvaldes Daugavpils nodaļa,"18. novembra iela 105, Daugavpils, LV-5404"
Valsts iestāde,Pilsonības un migrācijas lietu pārvaldes Preiļu nodaļa,"Rēzeknes iela 26, Preiļi, Preiļu nov., LV-5301"
Valsts iestāde,Pilsonības un migrācijas lietu pārvaldes Krāslavas nodaļa,"Dīķu iela 5, Krāslava, Krāslavas nov., LV-5601"
Valsts iestāde,Pilsonības un migrācijas lietu pārvaldes Rēzeknes nodaļa / Nodarbinātības valsts aģentūras Rēzeknes filiāle,"Atbrīvošanas aleja 155, Rēzekne, LV-4604"
Valsts iestāde,Pilsonības un migrācijas lietu pārvaldes Aizkraukles nodaļa,"Gaismas iela 14, Aizkraukle, Aizkraukles nov., LV-5101"
Valsts iestāde,Pilsonības un migrācijas lietu pārvaldes Limbažu nodaļa,"Cēsu iela 28, Limbaži, Limbažu nov., LV-4001"
Valsts iestāde,Pilsonības un migrācijas lietu pārvaldes Bauskas nodaļa,"Uzvaras iela 3, Bauska, Bauskas nov., LV-3901"
Valsts iestāde,Pilsonības un migrācijas lietu pārvaldes Jēkabpils nodaļa,"Rīgas iela 184, Jēkabpils, LV-5202"
Valsts iestāde,Pilsonības un migrācijas lietu pārvaldes Valmieras nodaļa / Nodarbinātības valsts aģentūras Valmieras filiāle / Valsts sociālās apdrošināšanas aģentūras Valmieras KAC / Valsts probācijas dienesta Vidzemes reģiona teritoriālā struktūr,"Meža iela 7, Valmiera, LV-4201"
Valsts iestāde,Pilsonības un migrācijas lietu pārvaldes Talsu nodaļa,"Anša Lerha-Puškaiša iela 6, Talsi, Talsu nov., LV-3201"
Valsts iestāde,Pilsonības un migrācijas lietu pārvaldes Ventspils nodaļa,"Užavas iela 8, Ventspils, LV-3601"
Valsts iestāde,Pilsonības un migrācijas lietu pārvaldes Liepājas nodaļa,"Vecā ostmala 24, Liepāja, LV-3401"
Valsts iestāde,Pilsonības un migrācijas lietu pārvaldes Kuldīgas nodaļa,"Pilsētas laukums 4, Kuldīga, Kuldīgas nov., LV-3301"
Valsts iestāde,Pilsonības un migrācijas lietu pārvaldes Saldus nodaļa,"Lielā iela 3, Saldus, Saldus nov., LV-3801"
Valsts iestāde,Valsts izglītības satura centrs,"Vaļņu iela 2, Rīga, LV-1050"
Valsts iestāde,Nodarbinātības valsts aģentūras Jelgavas filiāle,"Skolotāju iela 3, Jelgava, LV-3001"
Valsts iestāde,Nodarbinātības valsts aģentūras Dobeles filiāle,"Zaļā iela 27, Dobele, Dobeles nov., LV-3701"
Izglītības iestāde,Druvas vidusskola,"Skolas iela 2, Saldus, Saldus nov., LV-3801"
Izglītības iestāde,"Pirmsskolas izglītības iestāde ""Pasaciņa""","Eiženijas iela 8, Rīga, LV-1007"
Izglītības iestāde,Zirņu pamatskola,"Skolas iela 7, Zirņi, Zirņu pag., Saldus nov., LV-3853"
Izglītības iestāde,Saldus vidusskola,"J. Rozentāla iela 19, Saldus, Saldus nov., LV-3801"
Izglītības iestāde,Saldus Mūzikas skola,"Avotu iela 12A, Saldus, Saldus nov., LV-3801"
Izglītības iestāde,"Profesionālās izglītības kompetences centrs ""Liepājas Valsts tehnikums""","Ventspils iela 51, Liepāja, LV-3405"
Izglītības iestāde,Baltinavas vidusskola,"Kārsavas iela 22, Baltinava, Baltinavas nov., LV-4594"
Izglītības iestāde,Balvu profesionālā un vispārizglītojošā vidusskola,"Vidzemes iela 26, Balvi, Balvu nov., LV-4501"
Izglītības iestāde,Stacijas pamatskola,"Skolas iela 12, Kubuli, Kubulu pag., Balvu nov., LV-4566"
Izglītības iestāde,Tilžas internātpamatskola,"Pārupes iela 4, Tilža, Tilžas pag., Balvu nov., LV-4572"
Izglītības iestāde,Viļakas pirmsskolas izglītības iestāde,"Liepnas iela 18, Viļaka, Viļakas nov., LV-4583"
Izglītības iestāde,Žīguru pamatskola,"Parka iela 9, Žīguri, Žīguru pag., Viļakas nov., LV-4584"
Izglītības iestāde,Viduču pamatskola,"Skolas iela 1, Semenova, Medņevas pag., Viļakas nov., LV-4586"
Izglītības iestāde,Rīgas 18. vakara (maiņu) vidusskola,"Sīmaņa iela 14, Rīga, LV-1005"
Izglītības iestāde,"Rīgas sākumskola ""Valodiņa""","Blaumaņa iela 26, Rīga, LV-1011"
Izglītības iestāde,Jēkabpils Agrobiznesa koledža,"Pasta iela 1, Jēkabpils, LV-5201"
Izglītības iestāde,Jelgavas Vakara (maiņu) vidusskola,"Skolotāju iela 8, Jelgava, LV-3001"
Izglītības iestāde,Jelgavas 1. internātpamatskola - attīstības centrs,"Institūta iela 4, Jelgava, LV-3004"
Izglītības iestāde,Latvijas Lauksaimniecības universitāte,"Lielā iela 2, Jelgava, LV-3001"
Izglītības iestāde,J. G. Herdera Rīgas Grīziņkalna vidusskola,"Lauku iela 9, Rīga, LV-1009"
Izglītības iestāde,Ķekavas vidusskola,"Gaismas iela 9, Ķekava, Ķekavas pag., Ķekavas nov., LV-2123"
Izglītības iestāde,Rīgas internātvidusskola bērniem ar dzirdes traucējumiem,"Graudu iela 21, Rīga, LV-1058"
Izglītības iestāde,Strazdumuižas internātvidusskola- attīstības centrs vājredzīgiem un neredzīgiem bērniem,"Braila iela 24, Rīga, LV-1024"
Izglītības iestāde,Jelgavas Tehnoloģiju vidusskola,"Meiju ceļš 9, Jelgava, LV-3007"
Izglītības iestāde,Jelgavas 3. sākumskola,"Uzvaras iela 10, Jelgava, LV-3001"
Izglītības iestāde,Jelgavas Tehnikums,"Pulkveža Oskara Kalpaka iela 37, Jelgava, LV-3001"
Izglītības iestāde,Jelgavas mūzikas vidusskola,"Lapskalna iela 2, Jelgava, LV-3007"
Izglītības iestāde,Jelgavas 4. vidusskola,"Akmeņu iela 1, Jelgava, LV-3004"
Izglītības iestāde,Valmieras Gaujas krasta vidusskola,"Lāčplēša iela 2, Valmiera, LV-4201"
Izglītības iestāde,Līvbērzes pamatskola,"Skolas iela 10, Līvbērze, Līvbērzes pag., Jelgavas nov., LV-3014"
Izglītības iestāde,"Jelgavas pilsētas pašvaldības pirmsskolas izglītības iestāde ""Ķipari""","Pulkveža Brieža iela 23A, Jelgava, LV-3007"
Izglītības iestāde,"Jelgavas pilsētas pašvaldības pirmsskolas izglītības iestāde ""Sprīdītis""","Tērvetes iela 6, Jelgava, LV-3008"
Izglītības iestāde,"Jelgavas pilsētas pašvaldības pirmsskolas izglītības iestāde ""Pasaciņa""","Aspazijas iela 18, Jelgava, LV-3001"
Izglītības iestāde,"Jelgavas pilsētas pašvaldības pirmsskolas izglītības iestāde ""Gaismiņa""","Vaļņu iela 5, Jelgava, LV-3001"
Izglītības iestāde,Jelgavas 6. vidusskola,"Loka maģistrāle 29, Jelgava, LV-3004"
Izglītības iestāde,Jelgavas 2. internātpamatskola,"Filozofu iela 50, Jelgava, LV-3001"
Izglītības iestāde,"Jelgavas pilsētas pašvaldības pirmsskolas izglītības iestāde ""Rotaļa""","Lāčplēša iela 5, Jelgava, LV-3002"
Izglītības iestāde,Jelgavas 5. vidusskola,"Aspazijas iela 20, Jelgava, LV-3001"
Izglītības iestāde,"SIA ""Mītavas elektra"" pirmsskolas izglītības iestāde ""Varavīksne""","Vaļņu iela 6, Jelgava, LV-3001"
Izglītības iestāde,Alūksnes pilsētas sākumskola,"Lielā Ezera iela 26, Alūksne, Alūksnes nov., LV-4301"
Izglītības iestāde,Ernsta Glika Alūksnes Valsts ģimnāzija,"Glika iela 10, Alūksne, Alūksnes nov., LV-4301"
Izglītības iestāde,Ziemeru pamatskola,"Pamatskola, Māriņkalns, Ziemera pag., Alūksnes nov., LV-4332"
Izglītības iestāde,Bejas pamatskola,"Bejas skola, Beja, Jaunalūksnes pag., Alūksnes nov., LV-4350"
Izglītības iestāde,Liepnas vidusskola,"Liepnas vidusskola, Liepna, Liepnas pag., Alūksnes nov., LV-4354"
Izglītības iestāde,Pededzes pamatskola,"Rūķi, Pededze, Pededzes pag., Alūksnes nov., LV-4352"
Izglītības iestāde,Alūksnes novada vidusskola,"Kanaviņu iela 14, Alūksne, Alūksnes nov., LV-4301"
Izglītības iestāde,Malienas pamatskola,"Brenci, Brenci, Malienas pag., Alūksnes nov., LV-4359"
Izglītības iestāde,Strautiņu pamatskola,"Strautiņi, Alsviķu pag., Alūksnes nov., LV-4333"
Izglītības iestāde,Rīgas Ziepniekkalna sākumskola,"Īslīces iela 4, Rīga, LV-1058"
Izglītības iestāde,Rīgas 94.vidusskola,"Ozolciema iela 26, Rīga, LV-1058"
Izglītības iestāde,Zemītes pamatskola,"Zemītes pils, Zemīte, Zemītes pag., Kandavas nov., LV-3135"
Izglītības iestāde,Kandavas Kārļa Mīlenbaha vidusskola,"Skolas iela 10, Kandava, Kandavas nov., LV-3120"
Izglītības iestāde,Kandavas Mākslas un mūzikas skola,"Sabiles iela 12, Kandava, Kandavas nov., LV-3120"
Izglītības iestāde,Cēres pamatskola,"Skolas iela 1, Cēre, Cēres pag., Kandavas nov., LV-3122"
Izglītības iestāde,Īslīces pamatskola,"Skolas iela 16, Bērzi, Īslīces pag., Bauskas nov., LV-3914"
Izglītības iestāde,"Bauskas novada pašvaldības vispārējās izglītības iestāde ""Uzvaras pamatskola""","Sporta iela 3, Uzvara, Gailīšu pag., Bauskas nov., LV-3931"
Izglītības iestāde,Bauskas 2. vidusskola,"Dārza iela 9, Bauska, Bauskas nov., LV-3901"
Izglītības iestāde,Vecsaules pamatskola,"Vecsaules pamatskola, Vecsaule, Vecsaules pag., Bauskas nov., LV-3932"
Izglītības iestāde,"Bauskas pirmsskolas izglītības iestāde ""Pasaulīte""","Saules iela 8, Bauska, Bauskas nov., LV-3901"
Izglītības iestāde,"Balvu pirmsskolas izglītības iestāde ""Pīlādzītis""","Daugavpils iela 59, Balvi, Balvu nov., LV-4501"
Izglītības iestāde,"Kubulu pirmsskolas izglītības iestāde ""Ieviņa""","Balvu iela 6, Kubuli, Kubulu pag., Balvu nov., LV-4566"
Izglītības iestāde,Bērzkalnes pirmsskolas izglītības iestāde,"Ūdru iela 1, Bērzkalne, Bērzkalnes pag., Balvu nov., LV-4590"
Izglītības iestāde,Tilžas pirmsskolas izglītības iestāde,"Dārza iela 1, Tilža, Tilžas pag., Balvu nov., LV-4572"
Izglītības iestāde,"Kandavas pilsētas pirmsskolas izglītības iestāde ""Zīļuks""","Raiņa iela 14, Kandava, Kandavas nov., LV-3120"
Izglītības iestāde,"Bauskas pirmsskolas izglītības iestāde ""Zīlīte""","Plūdoņa iela 60, Bauska, Bauskas nov., LV-3901"
Izglītības iestāde,Rundāles novada pirmsskolas izglītības iestāde “Mārpuķīte”,"Saulaine 1, Saulaine, Rundāles pag., Rundāles nov., LV-3901"
Izglītības iestāde,Habad Ebreju privātā vidusskola,"Lāčplēša iela 141, Rīga, LV-1003"
Izglītības iestāde,Daugavpils 17. vidusskola un vakarskola,"Valmieras iela 5, Daugavpils, LV-5404"
Izglītības iestāde,Ābeļu pamatskola,"Ābeļu pamatskola, Ābeļi, Ābeļu pag., Jēkabpils nov., LV-5212"
Izglītības iestāde,Rubeņu pamatskola,"Rubeņu skola, Rubeņi, Rubenes pag., Jēkabpils nov., LV-5229"
Izglītības iestāde,Jēkabpils vakara vidusskola,"Palejas iela 32, Jēkabpils, LV-5202"
Izglītības iestāde,Rīgas 53. vidusskola,"Melnsila iela 6, Rīga, LV-1046"
Izglītības iestāde,Kaunatas vidusskola,"Rāznas iela 17, Kaunata, Kaunatas pag., Rēzeknes nov., LV-4622"
Izglītības iestāde,Feimaņu pamatskola,"Feimaņu skola, Feimaņi, Feimaņu pag., Rēzeknes nov., LV-4623"
Izglītības iestāde,V. Plūdoņa Kuldīgas vidusskola,"Piltenes iela 25, Kuldīga, Kuldīgas nov., LV-3301"
Izglītības iestāde,"Kuldīgas pirmsskolas izglītības iestāde ""Bitīte"" - attīstības centrs","Parka iela 22, Kuldīga, Kuldīgas nov., LV-3301"
Izglītības iestāde,Rīgas Kristīgā vidusskola,"Augusta Deglava iela 3, Rīga, LV-1009"
Izglītības iestāde,Rīgas 96. vidusskola,"Rātslaukums 1, Rīga, LV-1050"
Izglītības iestāde,"Medņevas pirmsskolas izglītības iestāde ""Pasaciņa""","Saules iela 4, Semenova, Medņevas pag., Viļakas nov., LV-4586"
Valsts iestāde,Nodarbinātības valsts aģentūras Limbažu filiāle,"Vecā Sārmes iela 10, Limbaži, Limbažu nov., LV-4001"
Valsts iestāde,Nodarbinātības valsts aģentūras Rīgas reģionālā filiāle,"Jēzusbaznīcas iela 11, Rīga, LV-1050"
Valsts iestāde,Zemgales plānošanas reģions,"Katoļu iela 2B, Jelgava, LV-3001"
Valsts iestāde,Rīgas plānošanas reģions,"Zigfrīda Annas Meierovica bulvāris 18, Rīga, LV-1050"
Valsts iestāde,Latgales plānošanas reģions,"Saules iela 15, Daugavpils, LV-5401"
Valsts iestāde,Nodarbinātības valsts aģentūras Liepājas filiāle / Valsts sociālās apdrošināšanas aģentūras Liepājas KAC / Valsts probācijas dienesta Kurzemes reģiona teritoriālā struktūrvienība,"Graudu iela 50, Liepāja, LV-3401"
Valsts iestāde,Nodarbinātības valsts aģentūras Madonas filiāle,"Upes iela 3, Madona, Madonas nov., LV-4801"
Valsts iestāde,Nodarbinātības valsts aģentūras Bauskas filiāle,"Rātslaukums 4, Bauska, Bauskas nov., LV-3901"
Valsts iestāde,Nodarbinātības valsts aģentūras Jūrmalas filiāle,"Viestura iela 6, Jūrmala, LV-2010"
Valsts iestāde,Nodarbinātības valsts aģentūras Saldus filiāle,"Avotu iela 12, Saldus, Saldus nov., LV-3801"
Valsts iestāde,Nodarbinātības valsts aģentūras Kandavas filiāle,"Zemītes pils, Zemīte, Zemītes pag., Kandavas nov., LV-3135"
Valsts iestāde,Nodarbinātības valsts aģentūras Jēkabpils filiāle,"Jaunā iela 79E, Jēkabpils, LV-5201"
Valsts iestāde,Pilsonības un migrācijas lietu pārvaldes Cēsu nodaļa,"Jāņa Poruka iela 8, Cēsis, Cēsu nov., LV-4101"
Valsts iestāde,Pilsonības un migrācijas lietu pārvaldes Gulbenes nodaļa,"Ūdensvada iela 2A, Gulbene, Gulbenes nov., LV-4401"
Valsts iestāde,Pilsonības un migrācijas lietu pārvaldes Balvu nodaļa,"Partizānu iela 21B, Balvi, Balvu nov., LV-4501"
Valsts iestāde,Nodarbinātības valsts aģentūras Siguldas filiāle,"Dārza iela 2A, Sigulda, Siguldas nov., LV-2150"
Valsts iestāde,Nodarbinātības valsts aģentūras Cēsu filiāle / Valsts probācijas dienesta Vidzemes reģiona teritoriālās struktūrvienības Cēsu nodaļa,"Pļavas iela 3A, Cēsis, Cēsu nov., LV-4101"
Valsts iestāde,Nodarbinātības valsts aģentūras Aizkraukles filiāle,"Lāčplēša iela 1, Aizkraukle, Aizkraukles nov., LV-5101"
Valsts iestāde,Nodarbinātības valsts aģentūras Ogres filiāle,"Rīgas iela 14, Ogre, Ogres nov., LV-5001"
Valsts iestāde,Nodarbinātības valsts aģentūras Kuldīgas filiāle,"Pilsētas laukums 4A, Kuldīga, Kuldīgas nov., LV-3301"
Valsts iestāde,Nodarbinātības valsts aģentūras Ventspils filiāle / Valsts sociālās apdrošināšanas aģentūras Ventspils KAC,"Lakstīgalu iela 1, Ventspils, LV-3601"
Valsts iestāde,Rīgas rajona tiesas zemesgrāmata,"Ieriķu iela 5, Rīga, LV-1084"
Valsts iestāde,Pilsonības un migrācijas lietu pārvaldes Dobeles nodaļa,"Uzvaras iela 4, Dobele, Dobeles nov., LV-3701"
Valsts iestāde,Pilsonības un migrācijas lietu pārvaldes Alūksnes nodaļa,"Uzvaras iela 1, Alūksne, Alūksnes nov., LV-4301"
Valsts iestāde,Pilsonības un migrācijas lietu pārvaldes Valkas nodaļa,"Rīgas iela 24, Valka, Valkas nov., LV-4701"
Valsts iestāde,Nodarbinātības valsts aģentūras Alūksnes filiāle,"Helēnas iela 52, Alūksne, Alūksnes nov., LV-4301"
Valsts iestāde,Nodarbinātības valsts aģentūras Daugavpils filiāle,"Varšavas iela 18, Daugavpils, LV-5404"
Valsts iestāde,Valsts sociālās apdrošināšanas aģentūras Latgales nodaļa,"Fridriķa iela 9, Rīga, LV-1019"
Valsts iestāde,Valsts sociālās apdrošināšanas aģentūras Zemgales nodaļa,"Mārupes iela 1, Rīga, LV-1002"
Valsts iestāde,Valsts sociālās apdrošināšanas aģentūras Vidzemes nodaļa,"Raunas iela 64, Rīga, LV-1039"
Valsts iestāde,Valsts ieņēmumu dienests / Valsts sociālās apdrošināšanas aģentūras Kurzemes nodaļa / Valsts vienotais klientu apkalpošanas centrs Rīgā,"Talejas iela 1, Rīga, LV-1026"
Valsts iestāde,Valsts sociālās apdrošināšanas aģentūras Daugavpils KAC,"Ģimnāzijas iela 10, Daugavpils, LV-5401"
Valsts iestāde,Valsts sociālās apdrošināšanas aģentūras Jēkabpils KAC,"Rīgas iela 152, Jēkabpils, LV-5202"
Valsts iestāde,Valsts sociālās apdrošināšanas aģentūras Rēzeknes KAC,"Viļānu iela 8, Rēzekne, LV-4601"
Valsts iestāde,Valsts sociālās apdrošināšanas aģentūras Madonas KAC,"Raiņa iela 3, Madona, Madonas nov., LV-4801"
Valsts iestāde,Pilsonības un migrācijas lietu pārvaldes Madonas nodaļa,"Rīgas iela 2, Madona, Madonas nov., LV-4801"
Valsts iestāde,Nodarbinātības valsts aģentūras Balvu filiāle,"Bērzpils iela 2A, Balvi, Balvu nov., LV-4501"
Valsts iestāde,Nodarbinātības valsts aģentūras Ludzas filiāle,"Stacijas iela 44, Ludza, Ludzas nov., LV-5701"
Valsts iestāde,Nodarbinātības valsts aģentūras Preiļu filiāle,"Raiņa bulvāris 19, Preiļi, Preiļu nov., LV-5301"
Valsts iestāde,Nodarbinātības valsts aģentūras Krāslavas filiāle,"Grāfu Plāteru iela 9, Krāslava, Krāslavas nov., LV-5601"
Valsts iestāde,Uzņēmumu reģistra Rīgas reģionālā nodaļa,"Pērses iela 2, Rīga, LV-1011 (apkalpošana klātienē nenotiek!)"
Valsts iestāde,Valsts sociālās apdrošināšanas aģentūras Gulbenes KAC,"Ozolu iela 2A, Gulbene, Gulbenes nov., LV-4401"
Valsts iestāde,Valsts sociālās apdrošināšanas aģentūras Balvu KAC,"Partizānu iela 14, Balvi, Balvu nov., LV-4501"
Valsts iestāde,Valsts sociālās apdrošināšanas aģentūras Limbažu KAC,"Rīgas iela 16, Limbaži, Limbažu nov., LV-4001"
Valsts iestāde,Uzņēmumu reģistra Rēzeknes reģionālā nodaļa,"Atbrīvošanas aleja 81, Rēzekne, LV-4601 (apkalpošana klātienē nenotiek!)"
Valsts iestāde,Uzņēmumu reģistra Daugavpils nodaļa,"Alejas iela 68, Daugavpils, LV-5401 (apkalpošana klātienē nenotiek!)"
Izglītības iestāde,"Auces novada pirmsskolas izglītības iestāde ""Pīlādzītis""","Ausmas iela 5, Auce, Auces nov., LV-3708"
Izglītības iestāde,Liepas pamatskola,"Rūpnīcas iela 12, Liepa, Liepas pag., Priekuļu nov., LV-4128"
Izglītības iestāde,Priekuļu vidusskola,"Cēsu prospekts 46, Priekuļi, Priekuļu pag., Priekuļu nov., LV-4126"
Izglītības iestāde,Friča Brīvzemnieka pamatskola,"Zeļļu iela 4, Rīga, LV-1002"
Izglītības iestāde,Itas Kozakēvičas Poļu vidusskola,"Nīcgales iela 15, Rīga, LV-1035"
Izglītības iestāde,Valmieras 2. vidusskola,"Raiņa iela 11, Valmiera, LV-4201"
Izglītības iestāde,Rīgas 71. vidusskola,"Grīvas iela 26, Rīga, LV-1055"
Izglītības iestāde,Rīgas 66. speciālā vidusskola,"Katrīnas iela 4, Rīga, LV-1045"
Izglītības iestāde,Jaunsilavas pamatskola,"Jaunsilavas iela 1, Jaunsilavas, Turku pag., Līvānu nov., LV-5316"
Izglītības iestāde,Jaunogres vidusskola,"Mālkalnes prospekts 43, Ogre, Ogres nov., LV-5001"
Valsts iestāde,Valsts valodas centrs / Iepirkumu uzraudzības birojs,"Eksporta iela 6, Rīga, LV-1010"
Izglītības iestāde,Rīgas Lietuviešu vidusskola,"Bultu iela 5, Rīga, LV-1057"
Izglītības iestāde,Rojas vidusskola,"Zvejnieku iela 7, Roja, Rojas nov., LV-3264"
Izglītības iestāde,"Brīvā laika pavadīšanas un jauniešu centrs ""Strops""","Strauta iela 8, Roja, Rojas nov., LV-3264"
Izglītības iestāde,"Pirmsskolas izglītības iestāde ""Zīļuks""","Grīzupes iela 29, Liepāja, LV-3414"
Izglītības iestāde,Ventspils Tehnikums,"Saules iela 15, Ventspils, LV-3601"
Izglītības iestāde,Grāmatvedības un finanšu koledža,"Lomonosova iela 4, Rīga, LV-1003"
Izglītības iestāde,Daugavpils Krievu vidusskola - licejs,"Tautas iela 59, Daugavpils, LV-5404"
Izglītības iestāde,Rojas mūzikas un mākslas skola,"Strauta iela 2, Roja, Rojas nov., LV-3264"
Izglītības iestāde,Ogres tehnikums,"Ogres meža tehnikums, Aizupes, Tīnūžu pag., Ikšķiles nov., LV-5001"
Izglītības iestāde,Līvānu 2. vidusskola,"Rīgas iela 113/117, Līvāni, Līvānu nov., LV-5316"
Izglītības iestāde,Malnavas koledža,"Kļavu iela 17, Malnava, Malnavas pag., Kārsavas nov., LV-5750"
Izglītības iestāde,Rīgas Celtniecības koledža,"Gaiziņa iela 3, Rīga, LV-1050"
Izglītības iestāde,Alberta koledža,"Skolas iela 22, Rīga, LV-1010"
Valsts iestāde,Lauku atbalsta dienesta Zemgales KAC,"Dobeles iela 41A, Jelgava, LV-3001"
Valsts iestāde,Lauku atbalsta dienesta Lielrīgas KAC,"Brīvības iela 48, Rīga, LV-1011"
Valsts iestāde,Latvijas Valsts radio un televīzijas centrs,"Ērgļu iela 14, Rīga, LV-1012"
Valsts iestāde,Zemkopības ministrija / Lauku atbalsta dienests / Lauksaimniecības datu centrs,"Republikas laukums 2, Rīga, LV-1010"
Valsts iestāde,Pārtikas un veterinārā dienesta Rīgas pārvalde,"Lubānas iela 49, Rīga, LV-1073"
Valsts iestāde,Pārtikas un veterinārā dienesta Dienvidzemgales pārvalde,"Kristapa Helmaņa iela 10, Jelgava, LV-3004"
Valsts iestāde,Pārtikas un veterinārā dienesta Rietumpierīgas pārvalde,"Krīvi, Tumes pag., Tukuma nov., LV-3139"
Valsts iestāde,Pārtikas un veterinārais dienests,"Peldu iela 30, Rīga, LV-1050"
Valsts iestāde,Patentu valde,"Citadeles iela 7, Rīga, LV-1010"
Valsts iestāde,Rīgas pilsētas Latgales priekšpilsētas tiesa,"Lomonosova iela 10, Rīga, LV-1019"
Valsts iestāde,Administratīvā rajona tiesa Valmieras tiesu nams,"Voldemāra Baloža iela 13A, Valmiera, LV-4201"
Valsts iestāde,Vidzemes rajona tiesa (Valkā),"Rīgas iela 2, Valka, Valkas nov., LV-4701"
Valsts iestāde,Vidzemes apgabaltiesa,"Tērbatas iela 13, Valmiera, LV-4201"
Valsts iestāde,Vidzemes rajona tiesa (Madonā),"Avotu iela 8, Madona, Madonas nov., LV-4801"
Valsts iestāde,Vidzemes rajona tiesa (Gulbenē),"Ābeļu iela 6, Gulbene, Gulbenes nov., LV-4401"
Valsts iestāde,Vidzemes rajona tiesa (Alūksnē),"Rūpniecības iela 8, Alūksne, Alūksnes nov., LV-4301"
Valsts iestāde,Veselības inspekcija,"Klijānu iela 7, Rīga, LV-1012"
Valsts iestāde,Valsts meža dienests,"13. janvāra iela 15, Rīga, LV-1050"
Valsts iestāde,Valsts probācijas dienests / Valsts probācijas dienesta Rīgas Austrumu reģiona teritoriālā struktūrvienība,"Lomonosova iela 9, Rīga, LV-1019"
Valsts iestāde,Valsts probācijas dienesta Rīgas Austrumu reģiona Salaspils nodaļa,"Rīgas iela 30A, Salaspils, Salaspils nov., LV-2169"
Valsts iestāde,Valsts probācijas dienesta Rīgas Rietumu reģiona teritoriālā struktūrvienība,"Liepājas iela 3D, Rīga, LV-1002"
Valsts iestāde,Veselības un darbspēju ekspertīzes ārstu valsts komisija / Valsts bērnu tiesību aizsardzības inspekcija,"Ventspils iela 53, Rīga, LV-1002"
Valsts iestāde,Kultūras ministrija,"Krišjāņa Valdemāra iela 11A, Rīga, LV-1010"
Valsts iestāde,Rīgas rajona tiesa (Siguldā),"Šveices iela 27, Sigulda, Siguldas nov., LV-2150"
Valsts iestāde,Zemgales rajona tiesa (Ogrē),"Brīvības iela 6, Ogre, Ogres nov., LV-5001"
Valsts iestāde,Uzņēmumu reģistra Liepājas reģionālā nodaļa,"Graudu iela 27/29, Liepāja, LV-3401 (apkalpošana klātienē nenotiek!)"
Valsts iestāde,Rīgas apgabaltiesa,"Brīvības bulvāris 34, Rīga, LV-1050"
Valsts iestāde,Rīgas rajona tiesa (Rīgā),"Aiviekstes iela 6, Rīga, LV-1019"
Valsts iestāde,Rīgas pilsētas Vidzemes priekšpilsētas tiesa,"Abrenes iela 8, Rīga, LV-1050"
Valsts iestāde,Veselības un darbspēju ekspertīzes ārstu valsts komisijas Valmieras nodaļa,"Jumaras iela 195, Valmiera, LV-4201"
Valsts iestāde,Lauku atbalsta dienesta Austrumlatgales reģionālā lauksaimniecības pārvalde,"Brāļu Skrindu iela 11, Rēzekne, LV-4601"
Valsts iestāde,Lauku atbalsta dienesta Dienvidlatgales reģionālā lauksaimniecības pārvalde,"Mehanizatoru iela 2A, Preiļi, Preiļu nov., LV-5301"
Valsts iestāde,Lauku atbalsta dienesta Ziemeļaustrumu reģionālā lauksaimniecības pārvalde,"Ābeļu iela 2, Gulbene, Gulbenes nov., LV-4401"
Valsts iestāde,Lauku atbalsta dienesta Dienvidkurzemes reģionālā lauksaimniecības pārvalde,"Viesnīcas iela 1, Saldus, Saldus nov., LV-3801"
Valsts iestāde,Uzņēmumu reģistra Valmieras reģionālā nodaļa,"Rīgas iela 25C, Valmiera, LV-4201 (apkalpošana klātienē nenotiek!)"
Valsts iestāde,Administratīvā rajona tiesa Jelgavas tiesu nams,"Atmodas iela 19, Jelgava, LV-3007"
Valsts iestāde,Rīgas pilsētas Pārdaugavas tiesa,"Daugavgrīvas iela 58, Rīga, LV-1007"
Valsts iestāde,Zemgales rajona tiesa (Tukumā),"Pils iela 16, Tukums, Tukuma nov., LV-3101"
Valsts iestāde,Daugavpils tiesa,"18. novembra iela 37, Daugavpils, LV-5401"
Valsts iestāde,Latgales apgabaltiesa,"Atbrīvošanas aleja 95, Rēzekne, LV-4601"
Valsts iestāde,Rēzeknes tiesa,"Dārzu iela 24, Rēzekne, LV-4601"
Valsts iestāde,Kurzemes rajona tiesa (Liepājā),"Republikas iela 14, Liepāja, LV-3401"
Valsts iestāde,Kurzemes apgabaltiesa,"Kūrmājas prospekts 2/6, Liepāja, LV-3401"
Valsts iestāde,Ekonomikas ministrija,"Brīvības iela 55, Rīga, LV-1010"
Valsts iestāde,Maksātnespējas kontroles dienests,"Mārstaļu iela 19, Rīga, LV-1050"
Valsts iestāde,Uzņēmumu reģistra Bauskas reģionālā nodaļa,"Katoļu iela 3, Bauska, Bauskas nov., LV-3901 (apkalpošana klātienē nenotiek!)"
Valsts iestāde,Administratīvā rajona tiesa Liepājas tiesu nams,"Lielā iela 4, Liepāja, LV-3401"
Valsts iestāde,Administratīvā rajona tiesa Rīgas tiesu nams,"Baldones iela 1, Rīga, LV-1007"
Valsts iestāde,Uzņēmumu reģistra Ventspils reģionālā nodaļa,"Inženieru iela 101, Ventspils, LV-3601 (apkalpošana klātienē nenotiek!)"
Valsts iestāde,Lauku atbalsta dienesta Ziemeļvidzemes reģionālā lauksaimniecības pārvalde,"Mūrmuižas iela 18, Valmiera, LV-4201"
Valsts iestāde,Valsts reģionālās attīstības aģentūra,"Alberta iela 10, Rīga, LV-1010"
Valsts iestāde,Administratīvā apgabaltiesa / Administratīvā rajona tiesa Rīgas tiesu nams,"Baldones iela 1A, Rīga, LV-1007"
Valsts iestāde,Vidzemes rajona tiesa (Valmierā),"Garā iela 5, Valmiera, LV-4201"
Valsts iestāde,Zemgales apgabaltiesa,"Akadēmijas iela 9, Jelgava, LV-3001"
Valsts iestāde,Zemgales rajona tiesa (Jelgavā),"Dambja iela 12, Jelgava, LV-3001"
Valsts iestāde,Valsts probācijas dienesta Rīgas Rietumu reģiona teritoriālās struktūrvienības Jūrmalas nodaļa,"Ventspils šoseja 32, Jūrmala, LV-2011"
Valsts iestāde,Valsts probācijas dienesta Rīgas Rietumu reģiona teritoriālās struktūrvienības Olaines nodaļa,"Kūdras iela 27, Olaine, Olaines nov., LV-2114"
Valsts iestāde,Valsts probācijas dienesta Zemgales reģiona teritoriālā struktūrvienība,"Dobeles iela 62A, Jelgava, LV-3001"
Valsts iestāde,Valsts zemes dienests,"11. novembra krastmala 31, Rīga, LV-1050"
Valsts iestāde,Latvijas Lauku konsultāciju un izglītības centrs,"Rīgas iela 34, Ozolnieki, Ozolnieku pag., Ozolnieku nov., LV-3018"
Valsts iestāde,Lauku atbalsta dienesta Viduslatvijas reģionālā lauksaimniecības pārvalde,"Rīgas iela 111, Jēkabpils, LV-5202"
Valsts iestāde,Lauku atbalsta dienesta Ziemeļkurzemes reģionālā lauksaimniecības pārvalde,"Dundagas iela 4, Talsi, Talsu nov., LV-3201"
Valsts iestāde,Veselības ministrija,"Brīvības iela 72 k-1, Rīga, LV-1011"
Valsts iestāde,Zemgales rajona tiesa (Jēkabpilī) / Uzņēmumu reģistra Jēkabpils reģionālā nodaļa,"Neretas iela 39, Jēkabpils, LV-5201"
Izglītības iestāde,Aknīstes vidusskola,"Skolas iela 19, Aknīste, Aknīstes nov., LV-5208"
Izglītības iestāde,Tārgales pamatskola,"Tārgales skola, Tārgale, Tārgales pag., Ventspils nov., LV-3621"
Izglītības iestāde,"Pirmsskolas izglītības iestāde ""Zelta Zivtiņa""","Talsu iela 16, Roja, Rojas nov., LV-3264"
Izglītības iestāde,"PIKC ""Liepājas Mūzikas, mākslas un dizaina vidusskola""","Ausekļa iela 11/15, Liepāja, LV-3401"
Izglītības iestāde,Pirmsskolas izglītības iestāde “Sprīdītis”,"Dārza iela 42, Liepāja, LV-3401"
Izglītības iestāde,Liepājas kristīgā pirmsskolas izglītības iestāde,"Celmu iela 4, Liepāja, LV-3405"
Izglītības iestāde,Pirmsskolas izglītības iestāde “Sauleszaķis”,"Oskara Kalpaka iela 58, Liepāja, LV-3405"
Izglītības iestāde,Pirmsskolas izglītības iestāde “Stārķis”,"Stārķu iela 30, Liepāja, LV-3405"
Izglītības iestāde,Pirmsskolas izglītības iestāde “Rūķītis”,"Apšu iela 6, Liepāja, LV-3401"
Izglītības iestāde,Pirmsskolas izglītības iestāde “Delfīns”,"Elizabetes iela 4, Liepāja, LV-3405"
Izglītības iestāde,Liepājas pirmsskolas izglītības iestāde “Mazulītis”,"Dunikas iela 17, Liepāja, LV-3407"
Izglītības iestāde,Pirmsskolas izglītības iestāde  “Pūcīte”,"Bāriņu iela 32A, Liepāja, LV-3401"
Izglītības iestāde,Liepājas speciālā pirmsskolas izglītības iestāde “Kriksītis”,"Eduarda Veidenbauma iela 16, Liepāja, LV-3401"
Izglītības iestāde,Pirmsskolas izglītības iestāde “Pienenīte”,"Pulkveža Brieža iela 10A, Liepāja, LV-3414"
Izglītības iestāde,Pirmsskolas izglītības iestāde “Kāpēcītis”,"Miera iela 40/42, Liepāja, LV-3411"
Izglītības iestāde,"Pirmsskolas izglītības iestāde ""Liesmiņa""","Strazdu iela 6, Liepāja, LV-3405"
Izglītības iestāde,"Pirmsskolas izglītības iestāde ""Dzintariņš""","Dzintaru iela 90, Liepāja, LV-3416"
Izglītības iestāde,"Pāvilostas pirmsskolas izglītības iestāde ""Dzintariņš""","Stadiona iela 6, Pāvilosta, Pāvilostas nov., LV-3466"
Izglītības iestāde,"PIKC ""Nacionālā Mākslu vidusskola""","Kalnciema iela 12, Rīga, LV-1048"
Izglītības iestāde,"Biznesa, mākslas un tehnoloģiju augstskola RISEBA","Meža iela 3, Rīga, LV-1048"
Valsts iestāde,Tieslietu ministrija,"Brīvības bulvāris 36, Rīga, LV-1050"
Valsts iestāde,Finanšu ministrija / Centrālā finanšu un līgumu aģentūra,"Smilšu iela 1, Rīga, LV-1050"
Valsts iestāde,Datu valsts inspekcija,"Blaumaņa iela 11/13, Rīga, LV-1011"
Valsts iestāde,Valsts ugunsdzēsības un glābšanas dienests,"Maskavas iela 5, Rīga, LV-1050"
Valsts iestāde,Latvijas Ģeotelpiskās informācijas aģentūra,"Ojāra Vācieša iela 43, Rīga, LV-1004"
Valsts iestāde,Juridiskās palīdzības administrācija,"Pils laukums 4, Rīga, LV-1050"
Valsts iestāde,Latviešu valodas aģentūra,"Lāčplēša iela 35, Rīga, LV-1011"
Valsts iestāde,Sociālās integrācijas valsts aģentūra,"Dubultu prospekts 71, Jūrmala, LV-2015"
Valsts iestāde,"Dienas centrs ""Rītausma""","Kandavas iela 27, Rīga, LV-1083"
Valsts iestāde,Rīgas rajona tiesa (Jūrmalā),"Zigfrīda Meierovica prospekts 1A, Jūrmala, LV-2015"
Valsts iestāde,Zemgales rajona tiesa (Bauskā),"Zaļā iela 12, Bauska, Bauskas nov., LV-3901"
Valsts iestāde,Zemgales rajona tiesa (Dobelē),"Muldavas iela 16, Dobele, Dobeles nov., LV-3701"
Valsts iestāde,Zemgales rajona tiesa (Aizkrauklē),"Spīdolas iela 4, Aizkraukle, Aizkraukles nov., LV-5101"
Izglītības iestāde,Banku augstskola,"Krišjāņa Valdemāra iela 161, Rīga, LV-1013"
Izglītības iestāde,Rīgas Dizaina un mākslas vidusskola,"Krišjāņa Valdemāra iela 139, Rīga, LV-1013"
Izglītības iestāde,Sociālās integrācijas valsts aģentūras koledža / Jūrmalas profesionālā vidusskola,"Slokas iela 61, Jūrmala, LV-2015"
Valsts iestāde,Kurzemes rajona tiesa (Kuldīgā),"Kalna iela 25, Kuldīga, Kuldīgas nov., LV-3301"
Izglītības iestāde,Rīgas 47. vidusskola,"Skaistkalnes iela 7, Rīga, LV-1004"
Valsts iestāde,Latvijas Dabas muzejs,"Krišjāņa Barona iela 4, Rīga, LV-1050"
Valsts iestāde,Nacionālās kultūras mantojuma pārvalde,"Mazā Pils iela 19, Rīga, LV-1050"
Valsts iestāde,Ārlietu ministrija,"Krišjāņa Valdemāra iela 3, Rīga, LV-1010"
Valsts iestāde,Nodarbinātības valsts aģentūra,"Krišjāņa Valdemāra iela 38 k-1, Rīga, LV-1010"
Izglītības iestāde,Jūrmalas Alternatīvā skola,"Viestura iela 6, Jūrmala, LV-2010"
Izglītības iestāde,Upesleju pamatskola,"Internātpamatskola, Upeslejas, Stopiņu nov., LV-2118"
Izglītības iestāde,Rīgas 28. vidusskola,"Sliežu iela 23, Rīga, LV-1005"
Izglītības iestāde,"Liepājas speciālā pirmsskolas izglītības iestāde ""Gulbītis""","Evalda Rimbenieka iela 1, Liepāja, LV-3401"
Izglītības iestāde,Viļānu vidusskola,"Rēzeknes iela 1A, Viļāni, Viļānu nov., LV-4650"
Izglītības iestāde,Liepājas Liedaga vidusskola,"Liedaga iela 5, Liepāja, LV-3416"
Izglītības iestāde,Liepājas 3. pamatskola,"Lazaretes iela 8, Liepāja, LV-3414"
Izglītības iestāde,Draudzīgā aicinājuma Liepājas pilsētas 5. vidusskola,"Rīgas iela 50, Liepāja, LV-3401"
Izglītības iestāde,Liepājas 7. vidusskola,"Celmu iela 6, Liepāja, LV-3405"
Izglītības iestāde,Liepājas 8.vidusskola,"Dunikas iela 9/11, Liepāja, LV-3407"
Izglītības iestāde,J. Čakstes Liepājas pilsētas 10. vidusskola,"Alejas iela 16, Liepāja, LV-3401"
Izglītības iestāde,Liepājas Ezerkrasta sākumskola,"Lauku iela 54, Liepāja, LV-3411"
Izglītības iestāde,Liepājas Katoļu pamatskola,"Peldu iela 17, Liepāja, LV-3401"
Izglītības iestāde,"Privātsākumskola ""Varavīksne""","Republikas iela 23, Liepāja, LV-3401"
Izglītības iestāde,Amatas pamatskola,"Lielā iela 10, Ieriķi, Drabešu pag., Amatas nov., LV-4139"
Valsts iestāde,Valsts probācijas dienesta Vidzemes reģiona teritoriālās struktūrvienības Madonas nodaļa,"Saules iela 17, Madona, Madonas nov., LV-4801"
Valsts iestāde,Valsts probācijas dienesta Vidzemes reģiona teritoriālās struktūrvienības Valkas nodaļa,"Rūjienas iela 3D, Valka, Valkas nov., LV-4701"
Valsts iestāde,Valsts probācijas dienesta Vidzemes reģiona teritoriālās struktūrvienības Alūksnes un Gulbenes nodaļa,"Lielā Ezera iela 6, Alūksne, Alūksnes nov., LV-4301"
Valsts iestāde,Valsts probācijas dienesta Vidzemes reģiona teritoriālās struktūrvienības Alūksnes un Gulbenes nodaļa,"Ābeļu iela 8, Gulbene, Gulbenes nov., LV-4401"
Valsts iestāde,Valsts probācijas dienesta Vidzemes reģiona teritoriālās struktūrvienības Limbažu nodaļa,"Jaunā iela 2A, Limbaži, Limbažu nov., LV-4001"
Valsts iestāde,Valsts probācijas dienesta Kurzemes reģiona teritoriālās struktūrvienības Talsu nodaļa,"Raiņa iela 12A, Talsi, Talsu nov., LV-3201"
Valsts iestāde,Valsts probācijas dienesta Kurzemes reģiona teritoriālās struktūrvienības Ventspils nodaļa,"Atpūtas iela 16, Ventspils, LV-3601"
Valsts iestāde,Valsts probācijas dienesta Latgales reģiona teritoriālās struktūrvienības Balvu nodaļa,"Bērzpils iela 5, Balvi, Balvu nov., LV-4501"
Valsts iestāde,Valsts probācijas dienesta Latgales reģiona teritoriālā struktūrvienība / Valsts probācijas dienesta Latgales reģiona teritoriālās struktūrvienības Daugavpils 1. nodaļa / Valsts probācijas dienesta Latgales reģiona teritoriālās struktūr,"Lāčplēša iela 41, Daugavpils, LV-5401"
Valsts iestāde,Valsts probācijas dienesta Latgales reģiona teritoriālās struktūrvienības Krāslavas nodaļa,"Rēzeknes iela 33A, Krāslava, Krāslavas nov., LV-5601"
Valsts iestāde,Valsts probācijas dienesta Latgales reģiona teritoriālās struktūrvienības Ludzas nodaļa,"Raiņa iela 16, Ludza, Ludzas nov., LV-5701"
Valsts iestāde,Valsts probācijas dienesta Latgales reģiona teritoriālās struktūrvienības Preiļu nodaļa,"Talsu iela 2A, Preiļi, Preiļu nov., LV-5301"
Valsts iestāde,Valsts probācijas dienesta Latgales reģiona teritoriālās struktūrvienības Rēzeknes nodaļa,"Atbrīvošanas aleja 93A, Rēzekne, LV-4601"
